id,mcc,mnc,lac,cellid,lat,lon,range_meters,radio,samples,avg_signal,changeable,rnc,cid,tac,pci,area_name,scraped_at,operator,distance_km_to_up9,bearing_deg_from_up9,estimated_bands
451,722,34,10770,17926916,-31.513,-60.725,2403,LTE,1,0,True,0,0,10770,,recreo,2025-12-25 23:23:56.358020+00:00,Personal,0.404,211.0,B28 (700); B4 (AWS); B7 (2600)
450,722,7,2731,8374330,-31.514,-60.726,1000,UMTS,1,0,True,0,0,0,,recreo,2025-12-25 23:23:56.358020+00:00,Movistar,0.549,213.5,B5 (850); B1 (2100)
449,722,310,13201,20167010,-31.515,-60.726,1000,UMTS,1,0,True,0,0,0,,recreo,2025-12-25 23:23:56.358020+00:00,Claro,0.644,208.0,B5 (850); B1 (2100)
448,722,7,2761,134150658,-31.516,-60.726,2334,LTE,1,0,True,0,0,2761,,recreo,2025-12-25 23:23:56.358020+00:00,Movistar,0.744,204.0,B28 (700); B4 (AWS); B7 (2600)
442,722,7,2731,8379136,-31.514,-60.729,1000,UMTS,1,0,True,0,0,0,,recreo,2025-12-25 23:23:56.358020+00:00,Movistar,0.744,232.1,B5 (850); B1 (2100)
443,722,310,3224,23825,-31.513,-60.73,1730,GSM,1,0,True,0,0,0,,recreo,2025-12-25 23:23:56.358020+00:00,Claro,0.765,243.1,B5 (850); B2 (1900)
445,722,310,13204,24457724,-31.509,-60.731,1000,UMTS,1,0,True,0,0,0,,recreo,2025-12-25 23:23:56.358020+00:00,Claro,0.783,277.2,B5 (850); B1 (2100)
456,722,310,13201,20177010,-31.504,-60.73,1000,UMTS,1,0,True,0,0,0,,recreo,2025-12-25 23:23:56.358020+00:00,Claro,0.945,313.8,B5 (850); B1 (2100)
458,722,34,791,6888556,-31.503,-60.729,1000,UMTS,1,0,True,0,0,0,,recreo,2025-12-25 23:23:56.358020+00:00,Personal,0.965,322.5,B5 (850); B1 (2100)
447,722,310,13201,20121913,-31.508,-60.734,1000,UMTS,1,0,True,0,0,0,,recreo,2025-12-25 23:23:56.358020+00:00,Claro,1.082,281.2,B5 (850); B1 (2100)
418,722,34,702,60044,-31.52,-60.725,1000,GSM,1,0,True,0,0,0,,recreo,2025-12-25 23:23:56.358020+00:00,Personal,1.144,190.5,B5 (850); B2 (1900)
417,722,310,13201,20177009,-31.52,-60.725,1000,UMTS,1,0,True,0,0,0,,recreo,2025-12-25 23:23:56.358020+00:00,Claro,1.144,190.5,B5 (850); B1 (2100)
444,722,310,13201,20156905,-31.511,-60.736,1000,UMTS,1,0,True,0,0,0,,recreo,2025-12-25 23:23:56.358020+00:00,Claro,1.257,264.3,B5 (850); B1 (2100)
416,722,34,10770,18694925,-31.524,-60.723,3019,LTE,1,0,True,0,0,10770,,recreo,2025-12-25 23:23:56.358020+00:00,Personal,1.57,180.7,B28 (700); B4 (AWS); B7 (2600)
424,722,310,13204,24487724,-31.52,-60.71,5859,UMTS,1,0,True,0,0,0,,recreo,2025-12-25 23:23:56.358020+00:00,Claro,1.655,132.8,B5 (850); B1 (2100)
459,722,34,10770,17926917,-31.502,-60.739,2312,LTE,1,0,True,0,0,10770,,recreo,2025-12-25 23:23:56.358020+00:00,Personal,1.768,299.7,B28 (700); B4 (AWS); B7 (2600)
457,722,34,10770,18694926,-31.504,-60.741,1656,LTE,1,0,True,0,0,10770,,recreo,2025-12-25 23:23:56.358020+00:00,Personal,1.845,290.8,B28 (700); B4 (AWS); B7 (2600)
476,722,310,13204,24492386,-31.494,-60.716,1000,UMTS,1,0,True,0,0,0,,recreo,2025-12-25 23:23:56.358020+00:00,Claro,1.881,20.1,B5 (850); B1 (2100)
415,722,34,10770,17926913,-31.527,-60.723,1748,LTE,1,0,True,0,0,10770,,recreo,2025-12-25 23:23:56.358020+00:00,Personal,1.903,180.6,B28 (700); B4 (AWS); B7 (2600)
446,722,34,791,6888557,-31.508,-60.744,1000,UMTS,1,0,True,0,0,0,,recreo,2025-12-25 23:23:56.358020+00:00,Personal,2.02,276.0,B5 (850); B1 (2100)
460,722,34,791,6888553,-31.496,-60.737,1000,UMTS,1,0,True,0,0,0,,recreo,2025-12-25 23:23:56.358020+00:00,Personal,2.048,318.9,B5 (850); B1 (2100)
414,722,7,2731,8375727,-31.53,-60.72,1291,UMTS,1,0,True,0,0,0,,recreo,2025-12-25 23:23:56.358020+00:00,Movistar,2.252,173.2,B5 (850); B1 (2100)
462,722,34,10770,17926912,-31.493,-60.736,1000,LTE,1,0,True,0,0,10770,,recreo,2025-12-25 23:23:56.358020+00:00,Personal,2.256,326.3,B28 (700); B4 (AWS); B7 (2600)
461,722,34,791,6888554,-31.494,-60.738,1000,UMTS,1,0,True,0,0,0,,recreo,2025-12-25 23:23:56.358020+00:00,Personal,2.279,320.8,B5 (850); B1 (2100)
440,722,310,13204,24467724,-31.509,-60.747,1000,UMTS,1,0,True,0,0,0,,recreo,2025-12-25 23:23:56.358020+00:00,Claro,2.296,272.5,B5 (850); B1 (2100)
463,722,34,10770,17926915,-31.493,-60.737,1000,LTE,1,0,True,0,0,10770,,recreo,2025-12-25 23:23:56.358020+00:00,Personal,2.31,324.4,B28 (700); B4 (AWS); B7 (2600)
465,722,34,10770,17926920,-31.493,-60.737,1000,LTE,1,0,True,0,0,10770,,recreo,2025-12-25 23:23:56.358020+00:00,Personal,2.31,324.4,B28 (700); B4 (AWS); B7 (2600)
469,722,34,10770,18002693,-31.493,-60.737,1000,LTE,1,0,True,0,0,10770,,recreo,2025-12-25 23:23:56.358020+00:00,Personal,2.31,324.4,B28 (700); B4 (AWS); B7 (2600)
466,722,34,10770,18438932,-31.493,-60.737,1000,LTE,1,0,True,0,0,10770,,recreo,2025-12-25 23:23:56.358020+00:00,Personal,2.31,324.4,B28 (700); B4 (AWS); B7 (2600)
464,722,34,10770,18770701,-31.493,-60.737,1000,LTE,1,0,True,0,0,10770,,recreo,2025-12-25 23:23:56.358020+00:00,Personal,2.31,324.4,B28 (700); B4 (AWS); B7 (2600)
467,722,34,770,7735698,-31.493,-60.737,1000,UMTS,1,0,True,0,0,0,,recreo,2025-12-25 23:23:56.358020+00:00,Personal,2.31,324.4,B5 (850); B1 (2100)
468,722,34,770,7740521,-31.493,-60.737,1000,UMTS,1,0,True,0,0,0,,recreo,2025-12-25 23:23:56.358020+00:00,Personal,2.31,324.4,B5 (850); B1 (2100)
472,722,34,10770,18002692,-31.492,-60.736,1000,LTE,1,0,True,0,0,10770,,recreo,2025-12-25 23:23:56.358020+00:00,Personal,2.349,327.8,B28 (700); B4 (AWS); B7 (2600)
413,722,310,13204,24497818,-31.531,-60.72,7642,UMTS,1,0,True,0,0,0,,recreo,2025-12-25 23:23:56.358020+00:00,Claro,2.363,173.5,B5 (850); B1 (2100)
470,722,34,10770,18514706,-31.492,-60.737,1000,LTE,1,0,True,0,0,10770,,recreo,2025-12-25 23:23:56.358020+00:00,Personal,2.401,325.9,B28 (700); B4 (AWS); B7 (2600)
471,722,34,10770,18694924,-31.492,-60.737,1000,LTE,1,0,True,0,0,10770,,recreo,2025-12-25 23:23:56.358020+00:00,Personal,2.401,325.9,B28 (700); B4 (AWS); B7 (2600)
405,722,34,10770,17926914,-31.522,-60.744,3370,LTE,1,0,True,0,0,10770,,recreo,2025-12-25 23:23:56.358020+00:00,Personal,2.419,236.2,B28 (700); B4 (AWS); B7 (2600)
423,722,34,770,7733397,-31.53,-60.713,3570,UMTS,1,0,True,0,0,0,,recreo,2025-12-25 23:23:56.358020+00:00,Personal,2.422,157.4,B5 (850); B1 (2100)
412,722,34,10770,18013696,-31.532,-60.722,1000,LTE,1,0,True,0,0,10770,,recreo,2025-12-25 23:23:56.358020+00:00,Personal,2.46,178.2,B28 (700); B4 (AWS); B7 (2600)
436,722,310,3224,24472386,-31.516,-60.748,1000,UMTS,1,0,True,0,0,0,,recreo,2025-12-25 23:23:56.358020+00:00,Claro,2.483,254.1,B5 (850); B1 (2100)
475,722,34,10770,17926918,-31.49,-60.736,9443,LTE,1,0,True,0,0,10770,,recreo,2025-12-25 23:23:56.358020+00:00,Personal,2.54,330.5,B28 (700); B4 (AWS); B7 (2600)
474,722,7,2731,8379137,-31.49,-60.736,1000,UMTS,1,0,True,0,0,0,,recreo,2025-12-25 23:23:56.358020+00:00,Movistar,2.54,330.5,B5 (850); B1 (2100)
495,722,34,791,6888551,-31.489,-60.734,1000,UMTS,1,0,True,0,0,0,,recreo,2025-12-25 23:23:56.358020+00:00,Personal,2.553,335.4,B5 (850); B1 (2100)
435,722,310,13205,24447633,-31.518,-60.748,1000,UMTS,1,0,True,0,0,0,,recreo,2025-12-25 23:23:56.358020+00:00,Claro,2.553,249.3,B5 (850); B1 (2100)
410,722,34,10770,17926919,-31.533,-60.722,1000,LTE,1,0,True,0,0,10770,,recreo,2025-12-25 23:23:56.358020+00:00,Personal,2.571,178.3,B28 (700); B4 (AWS); B7 (2600)
439,722,310,13204,22844066,-31.512,-60.75,1000,UMTS,1,0,True,0,0,0,,recreo,2025-12-25 23:23:56.358020+00:00,Claro,2.589,264.8,B5 (850); B1 (2100)
438,722,310,13204,24497724,-31.513,-60.75,5411,UMTS,1,0,True,0,0,0,,recreo,2025-12-25 23:23:56.358020+00:00,Claro,2.601,262.3,B5 (850); B1 (2100)
407,722,7,2701,20661,-31.533,-60.729,1000,GSM,1,0,True,0,0,0,,recreo,2025-12-25 23:23:56.358020+00:00,Movistar,2.636,192.9,B5 (850); B2 (1900)
406,722,310,13205,24467805,-31.52,-60.748,1000,UMTS,1,0,True,0,0,0,,recreo,2025-12-25 23:23:56.358020+00:00,Claro,2.64,244.8,B5 (850); B1 (2100)
411,722,34,10770,18781708,-31.533,-60.716,1000,LTE,1,0,True,0,0,10770,,recreo,2025-12-25 23:23:56.358020+00:00,Personal,2.65,165.9,B28 (700); B4 (AWS); B7 (2600)
494,722,310,13201,20157010,-31.489,-60.737,1000,UMTS,1,0,True,0,0,0,,recreo,2025-12-25 23:23:56.358020+00:00,Claro,2.684,329.9,B5 (850); B1 (2100)
408,722,7,2731,8373955,-31.534,-60.725,1000,UMTS,1,0,True,0,0,0,,recreo,2025-12-25 23:23:56.358020+00:00,Movistar,2.689,184.4,B5 (850); B1 (2100)
409,722,310,13204,24447806,-31.534,-60.726,5295,UMTS,1,0,True,0,0,0,,recreo,2025-12-25 23:23:56.358020+00:00,Claro,2.698,186.4,B5 (850); B1 (2100)
441,722,310,13204,24502386,-31.505,-60.751,1000,UMTS,1,0,True,0,0,0,,recreo,2025-12-25 23:23:56.358020+00:00,Claro,2.727,281.5,B5 (850); B1 (2100)
422,722,34,702,20044,-31.53,-60.706,1000,GSM,1,0,True,0,0,0,,recreo,2025-12-25 23:23:56.358020+00:00,Personal,2.746,144.5,B5 (850); B2 (1900)
493,722,34,791,6881630,-31.489,-60.739,1000,UMTS,1,0,True,0,0,0,,recreo,2025-12-25 23:23:56.358020+00:00,Personal,2.784,326.5,B5 (850); B1 (2100)
473,722,7,2731,8374331,-31.49,-60.741,1000,UMTS,1,0,True,0,0,0,,recreo,2025-12-25 23:23:56.358020+00:00,Movistar,2.804,322.0,B5 (850); B1 (2100)
492,722,34,791,6889144,-31.489,-60.74,1000,UMTS,1,0,True,0,0,0,,recreo,2025-12-25 23:23:56.358020+00:00,Personal,2.837,324.9,B5 (850); B1 (2100)
491,722,310,13201,20147010,-31.489,-60.741,1000,UMTS,1,0,True,0,0,0,,recreo,2025-12-25 23:23:56.358020+00:00,Claro,2.893,323.4,B5 (850); B1 (2100)
387,722,34,791,6881485,-31.536,-60.722,1000,UMTS,1,0,True,0,0,0,,recreo,2025-12-25 23:23:56.358020+00:00,Personal,2.905,178.5,B5 (850); B1 (2100)
420,722,34,10770,17963270,-31.534,-60.711,1000,LTE,1,0,True,0,0,10770,,recreo,2025-12-25 23:23:56.358020+00:00,Personal,2.906,157.3,B28 (700); B4 (AWS); B7 (2600)
404,722,310,13204,22809365,-31.526,-60.747,1000,UMTS,1,0,True,0,0,0,,recreo,2025-12-25 23:23:56.358020+00:00,Claro,2.91,232.0,B5 (850); B1 (2100)
496,722,7,2731,8374329,-31.487,-60.739,1000,UMTS,1,0,True,0,0,0,,recreo,2025-12-25 23:23:56.358020+00:00,Movistar,2.972,328.9,B5 (850); B1 (2100)
419,722,310,13204,24472385,-31.534,-60.708,1000,UMTS,1,0,True,0,0,0,,recreo,2025-12-25 23:23:56.358020+00:00,Claro,3.027,152.4,B5 (850); B1 (2100)
421,722,34,10770,17947909,-31.53,-60.7,2994,LTE,1,0,True,0,0,10770,,recreo,2025-12-25 23:23:56.358020+00:00,Personal,3.111,136.0,B28 (700); B4 (AWS); B7 (2600)
390,722,34,10770,18731276,-31.535,-60.708,1432,LTE,1,0,True,0,0,10770,,recreo,2025-12-25 23:23:56.358020+00:00,Personal,3.125,153.3,B28 (700); B4 (AWS); B7 (2600)
385,722,7,2731,8377313,-31.538,-60.724,1452,UMTS,1,0,True,0,0,0,,recreo,2025-12-25 23:23:56.358020+00:00,Movistar,3.128,182.1,B5 (850); B1 (2100)
386,722,34,10770,17999618,-31.538,-60.72,1465,LTE,1,0,True,0,0,10770,,recreo,2025-12-25 23:23:56.358020+00:00,Personal,3.138,175.1,B28 (700); B4 (AWS); B7 (2600)
384,722,34,10770,17999630,-31.538,-60.716,1867,LTE,1,0,True,0,0,10770,,recreo,2025-12-25 23:23:56.358020+00:00,Personal,3.192,168.3,B28 (700); B4 (AWS); B7 (2600)
389,722,34,10770,17999634,-31.535,-60.706,1000,LTE,1,0,True,0,0,10770,,recreo,2025-12-25 23:23:56.358020+00:00,Personal,3.215,150.3,B28 (700); B4 (AWS); B7 (2600)
437,722,34,712,40103,-31.516,-60.756,4354,GSM,1,0,True,0,0,0,,recreo,2025-12-25 23:23:56.358020+00:00,Personal,3.219,257.8,B5 (850); B2 (1900)
383,722,34,10770,18013699,-31.539,-60.724,1000,LTE,1,0,True,0,0,10770,,recreo,2025-12-25 23:23:56.358020+00:00,Personal,3.239,182.0,B28 (700); B4 (AWS); B7 (2600)
382,722,310,13204,24482293,-31.539,-60.72,4333,UMTS,1,0,True,0,0,0,,recreo,2025-12-25 23:23:56.358020+00:00,Claro,3.248,175.3,B5 (850); B1 (2100)
455,722,310,23204,1215238,-31.49,-60.748,1000,LTE,1,0,True,0,0,23204,,recreo,2025-12-25 23:23:56.358020+00:00,Claro,3.255,312.8,B28 (700); B4 (AWS); B7 (2600)
381,722,34,770,7736091,-31.539,-60.727,2447,UMTS,1,0,True,0,0,0,,recreo,2025-12-25 23:23:56.358020+00:00,Personal,3.262,187.0,B5 (850); B1 (2100)
497,722,7,2761,134150659,-31.482,-60.734,2611,LTE,1,0,True,0,0,2761,,recreo,2025-12-25 23:23:56.358020+00:00,Movistar,3.277,341.1,B28 (700); B4 (AWS); B7 (2600)
428,722,34,10770,17947906,-31.528,-60.695,3518,LTE,1,0,True,0,0,10770,,recreo,2025-12-25 23:23:56.358020+00:00,Personal,3.317,127.4,B28 (700); B4 (AWS); B7 (2600)
403,722,310,3224,33808,-31.531,-60.748,1264,GSM,1,0,True,0,0,0,,recreo,2025-12-25 23:23:56.358020+00:00,Claro,3.349,225.5,B5 (850); B2 (1900)
431,722,34,10770,17947912,-31.523,-60.691,3230,LTE,1,0,True,0,0,10770,,recreo,2025-12-25 23:23:56.358020+00:00,Personal,3.349,115.8,B28 (700); B4 (AWS); B7 (2600)
380,722,34,10770,17999621,-31.54,-60.724,1204,LTE,1,0,True,0,0,10770,,recreo,2025-12-25 23:23:56.358020+00:00,Personal,3.351,181.9,B28 (700); B4 (AWS); B7 (2600)
330,722,34,10770,17995011,-31.539,-60.732,1905,LTE,1,0,True,0,0,10770,,recreo,2025-12-25 23:23:56.358020+00:00,Personal,3.353,195.1,B28 (700); B4 (AWS); B7 (2600)
402,722,310,13204,24467805,-31.533,-60.747,1000,UMTS,1,0,True,0,0,0,,recreo,2025-12-25 23:23:56.358020+00:00,Claro,3.445,221.7,B5 (850); B1 (2100)
454,722,34,714,40107,-31.493,-60.754,1000,GSM,1,0,True,0,0,0,,recreo,2025-12-25 23:23:56.358020+00:00,Personal,3.503,302.4,B5 (850); B2 (1900)
328,722,310,13205,24482293,-31.54,-60.734,1000,UMTS,1,0,True,0,0,0,,recreo,2025-12-25 23:23:56.358020+00:00,Claro,3.513,197.6,B5 (850); B1 (2100)
378,722,34,10770,17993996,-31.542,-60.724,1000,LTE,1,0,True,0,0,10770,,recreo,2025-12-25 23:23:56.358020+00:00,Personal,3.573,181.8,B28 (700); B4 (AWS); B7 (2600)
429,722,34,10770,17947918,-31.526,-60.69,4031,LTE,1,0,True,0,0,10770,,recreo,2025-12-25 23:23:56.358020+00:00,Personal,3.589,120.0,B28 (700); B4 (AWS); B7 (2600)
327,722,34,770,7734560,-31.541,-60.733,1000,UMTS,1,0,True,0,0,0,,recreo,2025-12-25 23:23:56.358020+00:00,Personal,3.592,195.6,B5 (850); B1 (2100)
379,722,34,10770,18048259,-31.542,-60.727,1000,LTE,1,0,True,0,0,10770,,recreo,2025-12-25 23:23:56.358020+00:00,Personal,3.593,186.4,B28 (700); B4 (AWS); B7 (2600)
425,722,34,10770,17999619,-31.534,-60.697,3103,LTE,1,0,True,0,0,10770,,recreo,2025-12-25 23:23:56.358020+00:00,Personal,3.63,137.6,B28 (700); B4 (AWS); B7 (2600)
323,722,310,13205,24497052,-31.537,-60.745,1000,UMTS,1,0,True,0,0,0,,recreo,2025-12-25 23:23:56.358020+00:00,Claro,3.676,214.9,B5 (850); B1 (2100)
374,722,34,2761,133641223,-31.543,-60.724,1000,LTE,1,0,True,0,0,2761,,recreo,2025-12-25 23:23:56.358020+00:00,Personal,3.684,181.8,B28 (700); B4 (AWS); B7 (2600)
365,722,7,2731,2541251,-31.543,-60.724,1000,UMTS,1,0,True,0,0,0,,recreo,2025-12-25 23:23:56.358020+00:00,Movistar,3.684,181.8,B5 (850); B1 (2100)
370,722,7,2731,2543023,-31.543,-60.724,1000,UMTS,1,0,True,0,0,0,,recreo,2025-12-25 23:23:56.358020+00:00,Movistar,3.684,181.8,B5 (850); B1 (2100)
368,722,34,10770,17942019,-31.543,-60.725,2403,LTE,1,0,True,0,0,10770,,recreo,2025-12-25 23:23:56.358020+00:00,Personal,3.688,183.2,B28 (700); B4 (AWS); B7 (2600)
377,722,34,714,50229,-31.543,-60.726,1000,GSM,1,0,True,0,0,0,,recreo,2025-12-25 23:23:56.358020+00:00,Personal,3.695,184.7,B5 (850); B2 (1900)
375,722,7,2731,2503437,-31.543,-60.726,1000,UMTS,1,0,True,0,0,0,,recreo,2025-12-25 23:23:56.358020+00:00,Movistar,3.695,184.7,B5 (850); B1 (2100)
376,722,7,2731,2503442,-31.543,-60.726,1000,UMTS,1,0,True,0,0,0,,recreo,2025-12-25 23:23:56.358020+00:00,Movistar,3.695,184.7,B5 (850); B1 (2100)
360,722,7,2761,133641220,-31.543,-60.727,1000,LTE,1,0,True,0,0,2761,,recreo,2025-12-25 23:23:56.358020+00:00,Movistar,3.704,186.2,B28 (700); B4 (AWS); B7 (2600)
364,722,7,2731,2506520,-31.543,-60.727,1000,UMTS,1,0,True,0,0,0,,recreo,2025-12-25 23:23:56.358020+00:00,Movistar,3.704,186.2,B5 (850); B1 (2100)
369,722,7,2731,2506525,-31.543,-60.727,1000,UMTS,1,0,True,0,0,0,,recreo,2025-12-25 23:23:56.358020+00:00,Movistar,3.704,186.2,B5 (850); B1 (2100)
366,722,34,770,7741262,-31.543,-60.727,1245,UMTS,1,0,True,0,0,0,,recreo,2025-12-25 23:23:56.358020+00:00,Personal,3.704,186.2,B5 (850); B1 (2100)
348,722,34,714,40145,-31.543,-60.728,1000,GSM,1,0,True,0,0,0,,recreo,2025-12-25 23:23:56.358020+00:00,Personal,3.715,187.6,B5 (850); B2 (1900)
342,722,34,714,60118,-31.543,-60.728,1000,GSM,1,0,True,0,0,0,,recreo,2025-12-25 23:23:56.358020+00:00,Personal,3.715,187.6,B5 (850); B2 (1900)
355,722,7,2761,133634822,-31.543,-60.728,1000,LTE,1,0,True,0,0,2761,,recreo,2025-12-25 23:23:56.358020+00:00,Movistar,3.715,187.6,B28 (700); B4 (AWS); B7 (2600)
359,722,7,2761,133635590,-31.543,-60.728,1000,LTE,1,0,True,0,0,2761,,recreo,2025-12-25 23:23:56.358020+00:00,Movistar,3.715,187.6,B28 (700); B4 (AWS); B7 (2600)
371,722,7,2761,133643530,-31.543,-60.728,1000,LTE,1,0,True,0,0,2761,,recreo,2025-12-25 23:23:56.358020+00:00,Movistar,3.715,187.6,B28 (700); B4 (AWS); B7 (2600)
346,722,7,2761,133709316,-31.543,-60.728,1000,LTE,1,0,True,0,0,2761,,recreo,2025-12-25 23:23:56.358020+00:00,Movistar,3.715,187.6,B28 (700); B4 (AWS); B7 (2600)
363,722,34,10770,17947924,-31.543,-60.728,1000,LTE,1,0,True,0,0,10770,,recreo,2025-12-25 23:23:56.358020+00:00,Personal,3.715,187.6,B28 (700); B4 (AWS); B7 (2600)
362,722,34,10770,17993987,-31.543,-60.728,1000,LTE,1,0,True,0,0,10770,,recreo,2025-12-25 23:23:56.358020+00:00,Personal,3.715,187.6,B28 (700); B4 (AWS); B7 (2600)
350,722,34,10770,17994002,-31.543,-60.728,1000,LTE,1,0,True,0,0,10770,,recreo,2025-12-25 23:23:56.358020+00:00,Personal,3.715,187.6,B28 (700); B4 (AWS); B7 (2600)
354,722,34,10770,17999636,-31.543,-60.728,1000,LTE,1,0,True,0,0,10770,,recreo,2025-12-25 23:23:56.358020+00:00,Personal,3.715,187.6,B28 (700); B4 (AWS); B7 (2600)
357,722,34,10770,18199296,-31.543,-60.728,1000,LTE,1,0,True,0,0,10770,,recreo,2025-12-25 23:23:56.358020+00:00,Personal,3.715,187.6,B28 (700); B4 (AWS); B7 (2600)
372,722,34,10770,18715918,-31.543,-60.728,1000,LTE,1,0,True,0,0,10770,,recreo,2025-12-25 23:23:56.358020+00:00,Personal,3.715,187.6,B28 (700); B4 (AWS); B7 (2600)
343,722,34,10770,19734031,-31.543,-60.728,1000,LTE,1,0,True,0,0,10770,,recreo,2025-12-25 23:23:56.358020+00:00,Personal,3.715,187.6,B28 (700); B4 (AWS); B7 (2600)
349,722,310,53204,382212,-31.543,-60.728,1000,LTE,1,0,True,0,0,53204,,recreo,2025-12-25 23:23:56.358020+00:00,Claro,3.715,187.6,B28 (700); B4 (AWS); B7 (2600)
358,722,310,53204,1185028,-31.543,-60.728,1000,LTE,1,0,True,0,0,53204,,recreo,2025-12-25 23:23:56.358020+00:00,Claro,3.715,187.6,B28 (700); B4 (AWS); B7 (2600)
367,722,310,53204,1185031,-31.543,-60.728,1000,LTE,1,0,True,0,0,53204,,recreo,2025-12-25 23:23:56.358020+00:00,Claro,3.715,187.6,B28 (700); B4 (AWS); B7 (2600)
345,722,310,53204,1191174,-31.543,-60.728,1000,LTE,1,0,True,0,0,53204,,recreo,2025-12-25 23:23:56.358020+00:00,Claro,3.715,187.6,B28 (700); B4 (AWS); B7 (2600)
352,722,310,53204,1215237,-31.543,-60.728,1000,LTE,1,0,True,0,0,53204,,recreo,2025-12-25 23:23:56.358020+00:00,Claro,3.715,187.6,B28 (700); B4 (AWS); B7 (2600)
373,722,310,53204,1218308,-31.543,-60.728,1000,LTE,1,0,True,0,0,53204,,recreo,2025-12-25 23:23:56.358020+00:00,Claro,3.715,187.6,B28 (700); B4 (AWS); B7 (2600)
361,722,310,53204,2377220,-31.543,-60.728,1000,LTE,1,0,True,0,0,53204,,recreo,2025-12-25 23:23:56.358020+00:00,Claro,3.715,187.6,B28 (700); B4 (AWS); B7 (2600)
347,722,7,714,2506520,-31.543,-60.728,1000,UMTS,1,0,True,0,0,0,,recreo,2025-12-25 23:23:56.358020+00:00,Movistar,3.715,187.6,B5 (850); B1 (2100)
351,722,34,770,7734607,-31.543,-60.728,1000,UMTS,1,0,True,0,0,0,,recreo,2025-12-25 23:23:56.358020+00:00,Personal,3.715,187.6,B5 (850); B1 (2100)
356,722,34,770,7735860,-31.543,-60.728,1000,UMTS,1,0,True,0,0,0,,recreo,2025-12-25 23:23:56.358020+00:00,Personal,3.715,187.6,B5 (850); B1 (2100)
353,722,310,714,24452293,-31.543,-60.728,1000,UMTS,1,0,True,0,0,0,,recreo,2025-12-25 23:23:56.358020+00:00,Claro,3.715,187.6,B5 (850); B1 (2100)
344,722,310,3224,24452293,-31.543,-60.728,1000,UMTS,1,0,True,0,0,0,,recreo,2025-12-25 23:23:56.358020+00:00,Claro,3.715,187.6,B5 (850); B1 (2100)
485,722,34,711,10010,-31.489,-60.754,1000,GSM,1,0,True,0,0,0,,recreo,2025-12-25 23:23:56.358020+00:00,Personal,3.76,308.1,B5 (850); B2 (1900)
400,722,310,13204,24452293,-31.536,-60.697,3080,UMTS,1,0,True,0,0,0,,recreo,2025-12-25 23:23:56.358020+00:00,Claro,3.797,139.9,B5 (850); B1 (2100)
340,722,34,714,40265,-31.544,-60.725,1000,GSM,1,0,True,0,0,0,,recreo,2025-12-25 23:23:56.358020+00:00,Personal,3.799,183.1,B5 (850); B2 (1900)
329,722,34,10770,17993984,-31.539,-60.744,1606,LTE,1,0,True,0,0,10770,,recreo,2025-12-25 23:23:56.358020+00:00,Personal,3.81,211.8,B28 (700); B4 (AWS); B7 (2600)
341,722,310,53204,1210881,-31.544,-60.728,1000,LTE,1,0,True,0,0,53204,,recreo,2025-12-25 23:23:56.358020+00:00,Claro,3.825,187.4,B28 (700); B4 (AWS); B7 (2600)
430,722,34,702,30118,-31.525,-60.686,1000,GSM,1,0,True,0,0,0,,recreo,2025-12-25 23:23:56.358020+00:00,Personal,3.873,115.7,B5 (850); B2 (1900)
397,722,34,712,40145,-31.537,-60.697,1000,GSM,1,0,True,0,0,0,,recreo,2025-12-25 23:23:56.358020+00:00,Personal,3.882,141.0,B5 (850); B2 (1900)
396,722,34,712,50103,-31.537,-60.697,1000,GSM,1,0,True,0,0,0,,recreo,2025-12-25 23:23:56.358020+00:00,Personal,3.882,141.0,B5 (850); B2 (1900)
395,722,34,714,40003,-31.537,-60.697,1000,GSM,1,0,True,0,0,0,,recreo,2025-12-25 23:23:56.358020+00:00,Personal,3.882,141.0,B5 (850); B2 (1900)
338,722,34,714,50044,-31.545,-60.725,1000,GSM,1,0,True,0,0,0,,recreo,2025-12-25 23:23:56.358020+00:00,Personal,3.91,183.0,B5 (850); B2 (1900)
339,722,7,2761,133641217,-31.545,-60.727,15591,LTE,1,0,True,0,0,2761,,recreo,2025-12-25 23:23:56.358020+00:00,Movistar,3.925,185.8,B28 (700); B4 (AWS); B7 (2600)
427,722,34,702,60118,-31.531,-60.689,1000,GSM,1,0,True,0,0,0,,recreo,2025-12-25 23:23:56.358020+00:00,Personal,3.973,126.2,B5 (850); B2 (1900)
486,722,34,791,6882781,-31.487,-60.755,1000,UMTS,1,0,True,0,0,0,,recreo,2025-12-25 23:23:56.358020+00:00,Personal,3.974,309.8,B5 (850); B1 (2100)
452,722,310,13201,20137009,-31.516,-60.681,1000,UMTS,1,0,True,0,0,0,,recreo,2025-12-25 23:23:56.358020+00:00,Claro,4.021,99.7,B5 (850); B1 (2100)
337,722,34,770,7741109,-31.546,-60.726,1733,UMTS,1,0,True,0,0,0,,recreo,2025-12-25 23:23:56.358020+00:00,Personal,4.027,184.3,B5 (850); B1 (2100)
426,722,310,53204,1191171,-31.532,-60.689,4142,LTE,1,0,True,0,0,53204,,recreo,2025-12-25 23:23:56.358020+00:00,Claro,4.039,127.5,B28 (700); B4 (AWS); B7 (2600)
398,722,34,10770,17999628,-31.537,-60.694,1427,LTE,1,0,True,0,0,10770,,recreo,2025-12-25 23:23:56.358020+00:00,Personal,4.068,137.8,B28 (700); B4 (AWS); B7 (2600)
334,722,34,714,40103,-31.547,-60.726,1000,GSM,1,0,True,0,0,0,,recreo,2025-12-25 23:23:56.358020+00:00,Personal,4.138,184.2,B5 (850); B2 (1900)
332,722,34,714,40144,-31.547,-60.726,3518,GSM,1,0,True,0,0,0,,recreo,2025-12-25 23:23:56.358020+00:00,Personal,4.138,184.2,B5 (850); B2 (1900)
335,722,34,714,60265,-31.547,-60.726,1000,GSM,1,0,True,0,0,0,,recreo,2025-12-25 23:23:56.358020+00:00,Personal,4.138,184.2,B5 (850); B2 (1900)
333,722,34,10770,17942034,-31.547,-60.726,1000,LTE,1,0,True,0,0,10770,,recreo,2025-12-25 23:23:56.358020+00:00,Personal,4.138,184.2,B28 (700); B4 (AWS); B7 (2600)
336,722,310,13201,20156917,-31.547,-60.717,1000,UMTS,1,0,True,0,0,0,,recreo,2025-12-25 23:23:56.358020+00:00,Claro,4.163,172.4,B5 (850); B1 (2100)
478,722,310,13204,24462386,-31.496,-60.682,1000,UMTS,1,0,True,0,0,0,,recreo,2025-12-25 23:23:56.358020+00:00,Claro,4.165,68.3,B5 (850); B1 (2100)
322,722,310,13205,24467643,-31.54,-60.75,1000,UMTS,1,0,True,0,0,0,,recreo,2025-12-25 23:23:56.358020+00:00,Claro,4.226,217.6,B5 (850); B1 (2100)
498,722,310,53204,1185034,-31.474,-60.738,7740,LTE,1,0,True,0,0,53204,,recreo,2025-12-25 23:23:56.358020+00:00,Claro,4.242,340.1,B28 (700); B4 (AWS); B7 (2600)
502,722,310,13201,20127010,-31.472,-60.717,1000,UMTS,1,0,True,0,0,0,,recreo,2025-12-25 23:23:56.358020+00:00,Claro,4.248,7.4,B5 (850); B1 (2100)
393,722,310,53204,1185025,-31.54,-60.695,3104,LTE,1,0,True,0,0,53204,,recreo,2025-12-25 23:23:56.358020+00:00,Claro,4.261,141.8,B28 (700); B4 (AWS); B7 (2600)
331,722,7,2761,133643521,-31.548,-60.728,1137,LTE,1,0,True,0,0,2761,,recreo,2025-12-25 23:23:56.358020+00:00,Movistar,4.267,186.6,B28 (700); B4 (AWS); B7 (2600)
326,722,310,13204,22819366,-31.545,-60.744,1000,UMTS,1,0,True,0,0,0,,recreo,2025-12-25 23:23:56.358020+00:00,Claro,4.391,207.2,B5 (850); B1 (2100)
324,722,7,2761,133640452,-31.549,-60.733,2153,LTE,1,0,True,0,0,2761,,recreo,2025-12-25 23:23:56.358020+00:00,Movistar,4.455,192.5,B28 (700); B4 (AWS); B7 (2600)
399,722,34,10770,17999622,-31.536,-60.687,1000,LTE,1,0,True,0,0,10770,,recreo,2025-12-25 23:23:56.358020+00:00,Personal,4.467,130.6,B28 (700); B4 (AWS); B7 (2600)
477,722,310,13204,24452385,-31.497,-60.677,1000,UMTS,1,0,True,0,0,0,,recreo,2025-12-25 23:23:56.358020+00:00,Claro,4.573,71.8,B5 (850); B1 (2100)
321,722,310,3224,43999,-31.545,-60.748,1042,GSM,1,0,True,0,0,0,,recreo,2025-12-25 23:23:56.358020+00:00,Claro,4.577,211.4,B5 (850); B2 (1900)
305,722,7,2761,133641223,-31.551,-60.727,1605,LTE,1,0,True,0,0,2761,,recreo,2025-12-25 23:23:56.358020+00:00,Movistar,4.589,185.0,B28 (700); B4 (AWS); B7 (2600)
325,722,34,794,6889141,-31.547,-60.744,1000,UMTS,1,0,True,0,0,0,,recreo,2025-12-25 23:23:56.358020+00:00,Personal,4.59,205.9,B5 (850); B1 (2100)
295,722,34,10770,17994243,-31.55,-60.736,3226,LTE,1,0,True,0,0,10770,,recreo,2025-12-25 23:23:56.358020+00:00,Personal,4.633,195.7,B28 (700); B4 (AWS); B7 (2600)
490,722,34,791,6888558,-31.474,-60.748,2045,UMTS,1,0,True,0,0,0,,recreo,2025-12-25 23:23:56.358020+00:00,Personal,4.651,329.1,B5 (850); B1 (2100)
434,722,7,2701,7054,-31.507,-60.772,1000,GSM,1,0,True,0,0,0,,recreo,2025-12-25 23:23:56.358020+00:00,Movistar,4.675,273.9,B5 (850); B2 (1900)
308,722,310,13201,20126917,-31.551,-60.71,1000,UMTS,1,0,True,0,0,0,,recreo,2025-12-25 23:23:56.358020+00:00,Claro,4.73,165.1,B5 (850); B1 (2100)
388,722,34,714,40113,-31.549,-60.703,1470,GSM,1,0,True,0,0,0,,recreo,2025-12-25 23:23:56.358020+00:00,Personal,4.737,156.7,B5 (850); B2 (1900)
487,722,34,712,10103,-31.477,-60.756,1000,GSM,1,0,True,0,0,0,,recreo,2025-12-25 23:23:56.358020+00:00,Personal,4.825,319.3,B5 (850); B2 (1900)
394,722,310,13204,24462385,-31.538,-60.684,3589,UMTS,1,0,True,0,0,0,,recreo,2025-12-25 23:23:56.358020+00:00,Claro,4.827,130.4,B5 (850); B1 (2100)
488,722,310,13204,24472386,-31.476,-60.756,3789,UMTS,1,0,True,0,0,0,,recreo,2025-12-25 23:23:56.358020+00:00,Claro,4.909,320.1,B5 (850); B1 (2100)
304,722,34,10770,17942022,-31.554,-60.728,1710,LTE,1,0,True,0,0,10770,,recreo,2025-12-25 23:23:56.358020+00:00,Personal,4.93,185.7,B28 (700); B4 (AWS); B7 (2600)
294,722,34,702,40103,-31.552,-60.741,1000,GSM,1,0,True,0,0,0,,recreo,2025-12-25 23:23:56.358020+00:00,Personal,4.99,200.2,B5 (850); B2 (1900)
489,722,34,711,10014,-31.475,-60.756,1000,GSM,1,0,True,0,0,0,,recreo,2025-12-25 23:23:56.358020+00:00,Personal,4.995,320.9,B5 (850); B2 (1900)
303,722,34,770,7741115,-31.555,-60.728,1000,UMTS,1,0,True,0,0,0,,recreo,2025-12-25 23:23:56.358020+00:00,Personal,5.041,185.6,B5 (850); B1 (2100)
302,722,34,794,6888556,-31.555,-60.728,1000,UMTS,1,0,True,0,0,0,,recreo,2025-12-25 23:23:56.358020+00:00,Personal,5.041,185.6,B5 (850); B1 (2100)
301,722,34,794,6889144,-31.555,-60.728,1000,UMTS,1,0,True,0,0,0,,recreo,2025-12-25 23:23:56.358020+00:00,Personal,5.041,185.6,B5 (850); B1 (2100)
274,722,34,791,6889141,-31.552,-60.745,1000,UMTS,1,0,True,0,0,0,,recreo,2025-12-25 23:23:56.358020+00:00,Personal,5.134,204.2,B5 (850); B1 (2100)
300,722,34,10770,17942028,-31.556,-60.727,2873,LTE,1,0,True,0,0,10770,,recreo,2025-12-25 23:23:56.358020+00:00,Personal,5.143,184.4,B28 (700); B4 (AWS); B7 (2600)
299,722,34,794,6881630,-31.556,-60.728,1000,UMTS,1,0,True,0,0,0,,recreo,2025-12-25 23:23:56.358020+00:00,Personal,5.151,185.5,B5 (850); B1 (2100)
320,722,310,3224,35813,-31.549,-60.752,1000,GSM,1,0,True,0,0,0,,recreo,2025-12-25 23:23:56.358020+00:00,Claro,5.155,212.5,B5 (850); B2 (1900)
276,722,34,10770,17995008,-31.551,-60.748,2927,LTE,1,0,True,0,0,10770,,recreo,2025-12-25 23:23:56.358020+00:00,Personal,5.158,207.6,B28 (700); B4 (AWS); B7 (2600)
391,722,310,13204,24447633,-31.548,-60.691,4258,UMTS,1,0,True,0,0,0,,recreo,2025-12-25 23:23:56.358020+00:00,Claro,5.201,144.6,B5 (850); B1 (2100)
484,722,310,3224,33825,-31.489,-60.772,3970,GSM,1,0,True,0,0,0,,recreo,2025-12-25 23:23:56.358020+00:00,Claro,5.21,296.5,B5 (850); B2 (1900)
392,722,310,13201,20167009,-31.544,-60.685,1000,UMTS,1,0,True,0,0,0,,recreo,2025-12-25 23:23:56.358020+00:00,Claro,5.218,136.6,B5 (850); B1 (2100)
292,722,310,3224,13999,-31.555,-60.738,1903,GSM,1,0,True,0,0,0,,recreo,2025-12-25 23:23:56.358020+00:00,Claro,5.219,196.0,B5 (850); B2 (1900)
293,722,7,2761,133640449,-31.555,-60.739,1858,LTE,1,0,True,0,0,2761,,recreo,2025-12-25 23:23:56.358020+00:00,Movistar,5.246,197.0,B28 (700); B4 (AWS); B7 (2600)
432,722,34,702,50044,-31.534,-60.675,1617,GSM,1,0,True,0,0,0,,recreo,2025-12-25 23:23:56.358020+00:00,Personal,5.265,120.6,B5 (850); B2 (1900)
275,722,34,10770,17995014,-31.552,-60.749,3379,LTE,1,0,True,0,0,10770,,recreo,2025-12-25 23:23:56.358020+00:00,Personal,5.3,207.9,B28 (700); B4 (AWS); B7 (2600)
306,722,34,714,40001,-31.556,-60.706,2299,GSM,1,0,True,0,0,0,,recreo,2025-12-25 23:23:56.358020+00:00,Personal,5.369,162.7,B5 (850); B2 (1900)
290,722,34,10770,17942016,-31.558,-60.729,1718,LTE,1,0,True,0,0,10770,,recreo,2025-12-25 23:23:56.358020+00:00,Personal,5.382,186.3,B28 (700); B4 (AWS); B7 (2600)
317,722,34,794,6881643,-31.551,-60.692,1000,UMTS,1,0,True,0,0,0,,recreo,2025-12-25 23:23:56.358020+00:00,Personal,5.425,147.4,B5 (850); B1 (2100)
307,722,310,13204,24447052,-31.555,-60.701,4550,UMTS,1,0,True,0,0,0,,recreo,2025-12-25 23:23:56.358020+00:00,Claro,5.426,157.6,B5 (850); B1 (2100)
291,722,34,10770,17995012,-31.558,-60.736,1874,LTE,1,0,True,0,0,10770,,recreo,2025-12-25 23:23:56.358020+00:00,Personal,5.494,193.2,B28 (700); B4 (AWS); B7 (2600)
289,722,34,702,40125,-31.558,-60.739,1000,GSM,1,0,True,0,0,0,,recreo,2025-12-25 23:23:56.358020+00:00,Personal,5.566,196.0,B5 (850); B2 (1900)
298,722,34,714,60145,-31.56,-60.724,2176,GSM,1,0,True,0,0,0,,recreo,2025-12-25 23:23:56.358020+00:00,Personal,5.574,181.2,B5 (850); B2 (1900)
453,722,34,791,6881298,-31.502,-60.781,2923,UMTS,1,0,True,0,0,0,,recreo,2025-12-25 23:23:56.358020+00:00,Personal,5.586,279.0,B5 (850); B1 (2100)
282,722,7,2761,133643522,-31.56,-60.729,1000,LTE,1,0,True,0,0,2761,,recreo,2025-12-25 23:23:56.358020+00:00,Movistar,5.603,186.0,B28 (700); B4 (AWS); B7 (2600)
316,722,34,791,6889142,-31.553,-60.692,1000,UMTS,1,0,True,0,0,0,,recreo,2025-12-25 23:23:56.358020+00:00,Personal,5.613,148.7,B5 (850); B1 (2100)
285,722,7,2761,133641222,-31.56,-60.735,1000,LTE,1,0,True,0,0,2761,,recreo,2025-12-25 23:23:56.358020+00:00,Movistar,5.691,191.7,B28 (700); B4 (AWS); B7 (2600)
501,722,7,2761,134150668,-31.46,-60.737,1000,LTE,1,0,True,0,0,2761,,recreo,2025-12-25 23:23:56.358020+00:00,Movistar,5.708,346.4,B28 (700); B4 (AWS); B7 (2600)
286,722,7,2761,133643523,-31.56,-60.736,1000,LTE,1,0,True,0,0,2761,,recreo,2025-12-25 23:23:56.358020+00:00,Movistar,5.711,192.6,B28 (700); B4 (AWS); B7 (2600)
279,722,34,770,7736092,-31.561,-60.729,1000,UMTS,1,0,True,0,0,0,,recreo,2025-12-25 23:23:56.358020+00:00,Personal,5.714,185.9,B5 (850); B1 (2100)
280,722,34,770,7736093,-31.561,-60.729,1000,UMTS,1,0,True,0,0,0,,recreo,2025-12-25 23:23:56.358020+00:00,Personal,5.714,185.9,B5 (850); B1 (2100)
267,722,34,10770,17995009,-31.558,-60.744,1000,LTE,1,0,True,0,0,10770,,recreo,2025-12-25 23:23:56.358020+00:00,Personal,5.715,200.6,B28 (700); B4 (AWS); B7 (2600)
287,722,34,10770,17995015,-31.559,-60.741,1000,LTE,1,0,True,0,0,10770,,recreo,2025-12-25 23:23:56.358020+00:00,Personal,5.727,197.5,B28 (700); B4 (AWS); B7 (2600)
268,722,34,10770,17995021,-31.558,-60.745,1000,LTE,1,0,True,0,0,10770,,recreo,2025-12-25 23:23:56.358020+00:00,Personal,5.749,201.5,B28 (700); B4 (AWS); B7 (2600)
269,722,34,770,7733596,-31.558,-60.745,1000,UMTS,1,0,True,0,0,0,,recreo,2025-12-25 23:23:56.358020+00:00,Personal,5.749,201.5,B5 (850); B1 (2100)
283,722,34,770,7733896,-31.56,-60.739,1000,UMTS,1,0,True,0,0,0,,recreo,2025-12-25 23:23:56.358020+00:00,Personal,5.78,195.4,B5 (850); B1 (2100)
281,722,34,10770,17995027,-31.561,-60.734,1000,LTE,1,0,True,0,0,10770,,recreo,2025-12-25 23:23:56.358020+00:00,Personal,5.782,190.6,B28 (700); B4 (AWS); B7 (2600)
288,722,34,770,7734563,-31.559,-60.743,1000,UMTS,1,0,True,0,0,0,,recreo,2025-12-25 23:23:56.358020+00:00,Personal,5.787,199.3,B5 (850); B1 (2100)
278,722,34,770,7733893,-31.562,-60.73,1000,UMTS,1,0,True,0,0,0,,recreo,2025-12-25 23:23:56.358020+00:00,Personal,5.835,186.7,B5 (850); B1 (2100)
277,722,7,2731,8373957,-31.562,-60.732,1123,UMTS,1,0,True,0,0,0,,recreo,2025-12-25 23:23:56.358020+00:00,Movistar,5.86,188.5,B5 (850); B1 (2100)
284,722,310,13204,24467806,-31.56,-60.742,1000,UMTS,1,0,True,0,0,0,,recreo,2025-12-25 23:23:56.358020+00:00,Claro,5.862,198.1,B5 (850); B1 (2100)
273,722,34,710,40139,-31.555,-60.755,1000,GSM,1,0,True,0,0,0,,recreo,2025-12-25 23:23:56.358020+00:00,Personal,5.872,211.3,B5 (850); B2 (1900)
271,722,310,13201,20126905,-31.555,-60.755,1000,UMTS,1,0,True,0,0,0,,recreo,2025-12-25 23:23:56.358020+00:00,Claro,5.872,211.3,B5 (850); B1 (2100)
272,722,310,13204,24452281,-31.555,-60.755,1000,UMTS,1,0,True,0,0,0,,recreo,2025-12-25 23:23:56.358020+00:00,Claro,5.872,211.3,B5 (850); B1 (2100)
270,722,34,10770,17995020,-31.557,-60.751,1000,LTE,1,0,True,0,0,10770,,recreo,2025-12-25 23:23:56.358020+00:00,Personal,5.881,207.0,B28 (700); B4 (AWS); B7 (2600)
297,722,34,714,50259,-31.564,-60.724,1973,GSM,1,0,True,0,0,0,,recreo,2025-12-25 23:23:56.358020+00:00,Personal,6.018,181.1,B5 (850); B2 (1900)
296,722,34,10770,17972995,-31.564,-60.722,2372,LTE,1,0,True,0,0,10770,,recreo,2025-12-25 23:23:56.358020+00:00,Personal,6.018,179.3,B28 (700); B4 (AWS); B7 (2600)
315,722,310,13204,24447642,-31.554,-60.686,4003,UMTS,1,0,True,0,0,0,,recreo,2025-12-25 23:23:56.358020+00:00,Claro,6.019,144.6,B5 (850); B1 (2100)
265,722,7,2761,133640451,-31.559,-60.751,1000,LTE,1,0,True,0,0,2761,,recreo,2025-12-25 23:23:56.358020+00:00,Movistar,6.08,206.1,B28 (700); B4 (AWS); B7 (2600)
266,722,310,13204,24472293,-31.559,-60.752,1000,UMTS,1,0,True,0,0,0,,recreo,2025-12-25 23:23:56.358020+00:00,Claro,6.122,206.9,B5 (850); B1 (2100)
240,722,7,2731,8375729,-31.566,-60.729,1123,UMTS,1,0,True,0,0,0,,recreo,2025-12-25 23:23:56.358020+00:00,Movistar,6.267,185.4,B5 (850); B1 (2100)
433,722,34,791,6888559,-31.525,-60.659,11710,UMTS,1,0,True,0,0,0,,recreo,2025-12-25 23:23:56.358020+00:00,Personal,6.277,105.5,B5 (850); B1 (2100)
264,722,7,2761,133640454,-31.56,-60.754,1000,LTE,1,0,True,0,0,2761,,recreo,2025-12-25 23:23:56.358020+00:00,Movistar,6.308,207.9,B28 (700); B4 (AWS); B7 (2600)
314,722,310,13204,24452294,-31.557,-60.685,4316,UMTS,1,0,True,0,0,0,,recreo,2025-12-25 23:23:56.358020+00:00,Claro,6.347,145.6,B5 (850); B1 (2100)
313,722,34,770,7734071,-31.559,-60.688,1000,UMTS,1,0,True,0,0,0,,recreo,2025-12-25 23:23:56.358020+00:00,Personal,6.38,148.9,B5 (850); B1 (2100)
198,722,310,3224,33999,-31.566,-60.737,2284,GSM,1,0,True,0,0,0,,recreo,2025-12-25 23:23:56.358020+00:00,Claro,6.383,192.2,B5 (850); B2 (1900)
197,722,7,2731,8336146,-31.566,-60.737,1000,UMTS,1,0,True,0,0,0,,recreo,2025-12-25 23:23:56.358020+00:00,Movistar,6.383,192.2,B5 (850); B1 (2100)
260,722,310,13204,24502293,-31.564,-60.746,1000,UMTS,1,0,True,0,0,0,,recreo,2025-12-25 23:23:56.358020+00:00,Claro,6.406,200.1,B5 (850); B1 (2100)
318,722,310,13204,24487818,-31.556,-60.682,4114,UMTS,1,0,True,0,0,0,,recreo,2025-12-25 23:23:56.358020+00:00,Claro,6.423,143.0,B5 (850); B1 (2100)
263,722,34,10770,17995010,-31.561,-60.755,1000,LTE,1,0,True,0,0,10770,,recreo,2025-12-25 23:23:56.358020+00:00,Personal,6.451,208.2,B28 (700); B4 (AWS); B7 (2600)
310,722,310,3224,13995,-31.564,-60.697,1000,GSM,1,0,True,0,0,0,,recreo,2025-12-25 23:23:56.358020+00:00,Claro,6.495,157.9,B5 (850); B2 (1900)
199,722,7,2701,3394,-31.566,-60.742,1000,GSM,1,0,True,0,0,0,,recreo,2025-12-25 23:23:56.358020+00:00,Movistar,6.499,196.2,B5 (850); B2 (1900)
262,722,34,10770,17995016,-31.562,-60.755,1000,LTE,1,0,True,0,0,10770,,recreo,2025-12-25 23:23:56.358020+00:00,Personal,6.549,207.8,B28 (700); B4 (AWS); B7 (2600)
194,722,7,2731,8336142,-31.567,-60.74,1000,UMTS,1,0,True,0,0,0,,recreo,2025-12-25 23:23:56.358020+00:00,Movistar,6.557,194.4,B5 (850); B1 (2100)
195,722,310,13201,20176917,-31.567,-60.74,1000,UMTS,1,0,True,0,0,0,,recreo,2025-12-25 23:23:56.358020+00:00,Claro,6.557,194.4,B5 (850); B1 (2100)
401,722,310,13204,24492385,-31.548,-60.67,7848,UMTS,1,0,True,0,0,0,,recreo,2025-12-25 23:23:56.358020+00:00,Claro,6.558,130.3,B5 (850); B1 (2100)
239,722,34,10770,17963011,-31.569,-60.723,2970,LTE,1,0,True,0,0,10770,,recreo,2025-12-25 23:23:56.358020+00:00,Personal,6.573,180.2,B28 (700); B4 (AWS); B7 (2600)
196,722,7,2731,8336141,-31.567,-60.741,1000,UMTS,1,0,True,0,0,0,,recreo,2025-12-25 23:23:56.358020+00:00,Movistar,6.581,195.2,B5 (850); B1 (2100)
192,722,310,3224,63999,-31.569,-60.731,2044,GSM,1,0,True,0,0,0,,recreo,2025-12-25 23:23:56.358020+00:00,Claro,6.619,186.7,B5 (850); B2 (1900)
261,722,34,794,6889146,-31.563,-60.755,1000,UMTS,1,0,True,0,0,0,,recreo,2025-12-25 23:23:56.358020+00:00,Personal,6.648,207.3,B5 (850); B1 (2100)
193,722,7,2731,8336145,-31.568,-60.74,1000,UMTS,1,0,True,0,0,0,,recreo,2025-12-25 23:23:56.358020+00:00,Movistar,6.664,194.1,B5 (850); B1 (2100)
237,722,34,10770,17963269,-31.57,-60.723,3004,LTE,1,0,True,0,0,10770,,recreo,2025-12-25 23:23:56.358020+00:00,Personal,6.684,180.2,B28 (700); B4 (AWS); B7 (2600)
177,722,310,13204,24467633,-31.565,-60.751,1000,UMTS,1,0,True,0,0,0,,recreo,2025-12-25 23:23:56.358020+00:00,Claro,6.686,203.5,B5 (850); B1 (2100)
238,722,310,13204,24462293,-31.57,-60.727,1000,UMTS,1,0,True,0,0,0,,recreo,2025-12-25 23:23:56.358020+00:00,Claro,6.696,183.4,B5 (850); B1 (2100)
312,722,310,13204,24447634,-31.561,-60.685,4715,UMTS,1,0,True,0,0,0,,recreo,2025-12-25 23:23:56.358020+00:00,Claro,6.719,147.8,B5 (850); B1 (2100)
507,722,7,2731,8379135,-31.451,-60.739,4391,UMTS,1,0,True,0,0,0,,recreo,2025-12-25 23:23:56.358020+00:00,Movistar,6.725,346.8,B5 (850); B1 (2100)
311,722,310,13201,20121909,-31.563,-60.688,1000,UMTS,1,0,True,0,0,0,,recreo,2025-12-25 23:23:56.358020+00:00,Claro,6.765,150.8,B5 (850); B1 (2100)
175,722,34,10770,17994252,-31.566,-60.751,3592,LTE,1,0,True,0,0,10770,,recreo,2025-12-25 23:23:56.358020+00:00,Personal,6.788,203.2,B28 (700); B4 (AWS); B7 (2600)
259,722,34,794,6888557,-31.564,-60.756,1000,UMTS,1,0,True,0,0,0,,recreo,2025-12-25 23:23:56.358020+00:00,Personal,6.79,207.6,B5 (850); B1 (2100)
500,722,310,3223,43842,-31.466,-60.773,2996,GSM,1,0,True,0,0,0,,recreo,2025-12-25 23:23:56.358020+00:00,Claro,6.817,315.7,B5 (850); B2 (1900)
511,722,34,707,40192,-31.45,-60.706,1000,GSM,1,0,True,0,0,0,,recreo,2025-12-25 23:23:56.358020+00:00,Personal,6.847,13.5,B5 (850); B2 (1900)
245,722,34,702,50103,-31.57,-60.706,1000,GSM,1,0,True,0,0,0,,recreo,2025-12-25 23:23:56.358020+00:00,Personal,6.872,166.6,B5 (850); B2 (1900)
189,722,34,770,7733895,-31.571,-60.734,1000,UMTS,1,0,True,0,0,0,,recreo,2025-12-25 23:23:56.358020+00:00,Personal,6.878,188.9,B5 (850); B1 (2100)
191,722,7,2731,8331745,-31.57,-60.74,1000,UMTS,1,0,True,0,0,0,,recreo,2025-12-25 23:23:56.358020+00:00,Movistar,6.88,193.7,B5 (850); B1 (2100)
190,722,7,2731,8331773,-31.57,-60.74,1000,UMTS,1,0,True,0,0,0,,recreo,2025-12-25 23:23:56.358020+00:00,Movistar,6.88,193.7,B5 (850); B1 (2100)
505,722,310,13204,24502385,-31.452,-60.749,1000,UMTS,1,0,True,0,0,0,,recreo,2025-12-25 23:23:56.358020+00:00,Claro,6.899,338.9,B5 (850); B1 (2100)
236,722,34,714,40139,-31.572,-60.723,9213,GSM,1,0,True,0,0,0,,recreo,2025-12-25 23:23:56.358020+00:00,Personal,6.907,180.2,B5 (850); B2 (1900)
235,722,310,3224,53999,-31.572,-60.724,1000,GSM,1,0,True,0,0,0,,recreo,2025-12-25 23:23:56.358020+00:00,Claro,6.908,180.9,B5 (850); B2 (1900)
234,722,34,10770,17942030,-31.572,-60.729,1000,LTE,1,0,True,0,0,10770,,recreo,2025-12-25 23:23:56.358020+00:00,Personal,6.932,184.9,B28 (700); B4 (AWS); B7 (2600)
309,722,310,13204,24482294,-31.565,-60.688,5154,UMTS,1,0,True,0,0,0,,recreo,2025-12-25 23:23:56.358020+00:00,Claro,6.96,151.7,B5 (850); B1 (2100)
188,722,34,770,7741117,-31.572,-60.733,1000,UMTS,1,0,True,0,0,0,,recreo,2025-12-25 23:23:56.358020+00:00,Personal,6.974,188.0,B5 (850); B1 (2100)
176,722,310,23204,1812230,-31.566,-60.756,1000,LTE,1,0,True,0,0,23204,,recreo,2025-12-25 23:23:56.358020+00:00,Claro,6.988,206.7,B28 (700); B4 (AWS); B7 (2600)
510,722,34,793,6881485,-31.447,-60.725,7929,UMTS,1,0,True,0,0,0,,recreo,2025-12-25 23:23:56.358020+00:00,Personal,6.996,358.3,B5 (850); B1 (2100)
169,722,7,2761,133641225,-31.57,-60.745,1835,LTE,1,0,True,0,0,2761,,recreo,2025-12-25 23:23:56.358020+00:00,Movistar,7.008,197.5,B28 (700); B4 (AWS); B7 (2600)
233,722,34,702,20103,-31.573,-60.721,1000,GSM,1,0,True,0,0,0,,recreo,2025-12-25 23:23:56.358020+00:00,Personal,7.02,178.6,B5 (850); B2 (1900)
244,722,7,2761,133635075,-31.57,-60.7,1000,LTE,1,0,True,0,0,2761,,recreo,2025-12-25 23:23:56.358020+00:00,Movistar,7.025,162.1,B28 (700); B4 (AWS); B7 (2600)
186,722,34,10770,17942018,-31.573,-60.73,2009,LTE,1,0,True,0,0,10770,,recreo,2025-12-25 23:23:56.358020+00:00,Personal,7.051,185.5,B28 (700); B4 (AWS); B7 (2600)
173,722,310,23204,1173249,-31.569,-60.75,1000,LTE,1,0,True,0,0,23204,,recreo,2025-12-25 23:23:56.358020+00:00,Claro,7.06,201.4,B28 (700); B4 (AWS); B7 (2600)
174,722,310,13204,24497052,-31.569,-60.75,1000,UMTS,1,0,True,0,0,0,,recreo,2025-12-25 23:23:56.358020+00:00,Claro,7.06,201.4,B5 (850); B1 (2100)
253,722,310,3224,43327,-31.57,-60.698,2690,GSM,1,0,True,0,0,0,,recreo,2025-12-25 23:23:56.358020+00:00,Claro,7.086,160.6,B5 (850); B2 (1900)
168,722,310,13201,20141676,-31.57,-60.748,1000,UMTS,1,0,True,0,0,0,,recreo,2025-12-25 23:23:56.358020+00:00,Claro,7.098,199.6,B5 (850); B1 (2100)
232,722,310,13204,24457633,-31.574,-60.726,1000,UMTS,1,0,True,0,0,0,,recreo,2025-12-25 23:23:56.358020+00:00,Claro,7.136,182.4,B5 (850); B1 (2100)
187,722,310,3224,63810,-31.573,-60.737,3898,GSM,1,0,True,0,0,0,,recreo,2025-12-25 23:23:56.358020+00:00,Claro,7.146,190.8,B5 (850); B2 (1900)
231,722,310,13201,20166917,-31.574,-60.728,1000,UMTS,1,0,True,0,0,0,,recreo,2025-12-25 23:23:56.358020+00:00,Claro,7.146,183.9,B5 (850); B1 (2100)
243,722,34,794,6881789,-31.573,-60.707,1000,UMTS,1,0,True,0,0,0,,recreo,2025-12-25 23:23:56.358020+00:00,Personal,7.176,168.0,B5 (850); B1 (2100)
167,722,34,10791,17971460,-31.57,-60.752,1000,LTE,1,0,True,0,0,10791,,recreo,2025-12-25 23:23:56.358020+00:00,Personal,7.234,202.5,B28 (700); B4 (AWS); B7 (2600)
506,722,310,13204,24482386,-31.449,-60.75,1000,UMTS,1,0,True,0,0,0,,recreo,2025-12-25 23:23:56.358020+00:00,Claro,7.245,339.1,B5 (850); B1 (2100)
229,722,34,704,40001,-31.575,-60.726,1000,GSM,1,0,True,0,0,0,,recreo,2025-12-25 23:23:56.358020+00:00,Personal,7.247,182.4,B5 (850); B2 (1900)
163,722,34,10770,17971460,-31.572,-60.746,3792,LTE,1,0,True,0,0,10770,,recreo,2025-12-25 23:23:56.358020+00:00,Personal,7.248,197.6,B28 (700); B4 (AWS); B7 (2600)
230,722,310,13200,20121584,-31.575,-60.718,1000,UMTS,1,0,True,0,0,0,,recreo,2025-12-25 23:23:56.358020+00:00,Claro,7.255,176.4,B5 (850); B1 (2100)
256,722,310,13201,20122085,-31.567,-60.685,1000,UMTS,1,0,True,0,0,0,,recreo,2025-12-25 23:23:56.358020+00:00,Claro,7.292,150.6,B5 (850); B1 (2100)
185,722,34,770,7741111,-31.575,-60.732,2364,UMTS,1,0,True,0,0,0,,recreo,2025-12-25 23:23:56.358020+00:00,Personal,7.293,186.9,B5 (850); B1 (2100)
254,722,310,13204,24447461,-31.57,-60.692,1466,UMTS,1,0,True,0,0,0,,recreo,2025-12-25 23:23:56.358020+00:00,Claro,7.294,156.4,B5 (850); B1 (2100)
172,722,34,10770,17994240,-31.569,-60.757,1000,LTE,1,0,True,0,0,10770,,recreo,2025-12-25 23:23:56.358020+00:00,Personal,7.329,206.2,B28 (700); B4 (AWS); B7 (2600)
183,722,310,3224,33810,-31.575,-60.736,1578,GSM,1,0,True,0,0,0,,recreo,2025-12-25 23:23:56.358020+00:00,Claro,7.348,189.8,B5 (850); B2 (1900)
171,722,34,10770,17995013,-31.57,-60.755,2584,LTE,1,0,True,0,0,10770,,recreo,2025-12-25 23:23:56.358020+00:00,Personal,7.348,204.5,B28 (700); B4 (AWS); B7 (2600)
319,722,34,791,6881432,-31.556,-60.667,1223,UMTS,1,0,True,0,0,0,,recreo,2025-12-25 23:23:56.358020+00:00,Personal,7.367,134.1,B5 (850); B1 (2100)
499,722,310,3223,13905,-31.469,-60.784,5867,GSM,1,0,True,0,0,0,,recreo,2025-12-25 23:23:56.358020+00:00,Claro,7.371,308.1,B5 (850); B2 (1900)
165,722,34,10791,17971457,-31.571,-60.753,1000,LTE,1,0,True,0,0,10791,,recreo,2025-12-25 23:23:56.358020+00:00,Personal,7.373,202.8,B28 (700); B4 (AWS); B7 (2600)
170,722,34,10770,17994246,-31.57,-60.756,1000,LTE,1,0,True,0,0,10770,,recreo,2025-12-25 23:23:56.358020+00:00,Personal,7.388,205.2,B28 (700); B4 (AWS); B7 (2600)
508,722,7,2761,134150657,-31.445,-60.74,5219,LTE,1,0,True,0,0,2761,,recreo,2025-12-25 23:23:56.358020+00:00,Movistar,7.397,347.3,B28 (700); B4 (AWS); B7 (2600)
184,722,34,770,7734562,-31.575,-60.739,1000,UMTS,1,0,True,0,0,0,,recreo,2025-12-25 23:23:56.358020+00:00,Personal,7.401,192.0,B5 (850); B1 (2100)
164,722,34,794,6882722,-31.571,-60.755,1000,UMTS,1,0,True,0,0,0,,recreo,2025-12-25 23:23:56.358020+00:00,Personal,7.449,204.2,B5 (850); B1 (2100)
220,722,34,714,50103,-31.577,-60.722,1000,GSM,1,0,True,0,0,0,,recreo,2025-12-25 23:23:56.358020+00:00,Personal,7.463,179.4,B5 (850); B2 (1900)
221,722,310,3224,23999,-31.577,-60.724,5702,GSM,1,0,True,0,0,0,,recreo,2025-12-25 23:23:56.358020+00:00,Claro,7.464,180.9,B5 (850); B2 (1900)
228,722,34,714,20103,-31.577,-60.725,1000,GSM,1,0,True,0,0,0,,recreo,2025-12-25 23:23:56.358020+00:00,Personal,7.466,181.6,B5 (850); B2 (1900)
227,722,34,714,30103,-31.577,-60.725,1000,GSM,1,0,True,0,0,0,,recreo,2025-12-25 23:23:56.358020+00:00,Personal,7.466,181.6,B5 (850); B2 (1900)
222,722,310,13204,24446960,-31.577,-60.72,1000,UMTS,1,0,True,0,0,0,,recreo,2025-12-25 23:23:56.358020+00:00,Claro,7.468,178.0,B5 (850); B1 (2100)
224,722,310,13204,24482808,-31.577,-60.719,1000,UMTS,1,0,True,0,0,0,,recreo,2025-12-25 23:23:56.358020+00:00,Claro,7.472,177.2,B5 (850); B1 (2100)
223,722,34,770,7733598,-31.577,-60.728,1000,UMTS,1,0,True,0,0,0,,recreo,2025-12-25 23:23:56.358020+00:00,Personal,7.479,183.8,B5 (850); B1 (2100)
255,722,310,13201,20126918,-31.569,-60.685,1000,UMTS,1,0,True,0,0,0,,recreo,2025-12-25 23:23:56.358020+00:00,Claro,7.486,151.4,B5 (850); B1 (2100)
166,722,34,10770,17994245,-31.571,-60.756,1000,LTE,1,0,True,0,0,10770,,recreo,2025-12-25 23:23:56.358020+00:00,Personal,7.488,204.8,B28 (700); B4 (AWS); B7 (2600)
182,722,34,10770,17942021,-31.576,-60.738,1798,LTE,1,0,True,0,0,10770,,recreo,2025-12-25 23:23:56.358020+00:00,Personal,7.491,191.1,B28 (700); B4 (AWS); B7 (2600)
225,722,310,3200,23999,-31.577,-60.715,1000,GSM,1,0,True,0,0,0,,recreo,2025-12-25 23:23:56.358020+00:00,Claro,7.499,174.3,B5 (850); B2 (1900)
226,722,34,794,6889145,-31.577,-60.715,1000,UMTS,1,0,True,0,0,0,,recreo,2025-12-25 23:23:56.358020+00:00,Personal,7.499,174.3,B5 (850); B1 (2100)
509,722,7,2761,134173697,-31.444,-60.74,1000,LTE,1,0,True,0,0,2761,,recreo,2025-12-25 23:23:56.358020+00:00,Movistar,7.505,347.4,B28 (700); B4 (AWS); B7 (2600)
180,722,34,702,30103,-31.577,-60.733,1000,GSM,1,0,True,0,0,0,,recreo,2025-12-25 23:23:56.358020+00:00,Personal,7.525,187.4,B5 (850); B2 (1900)
242,722,310,53204,1185026,-31.576,-60.704,2561,LTE,1,0,True,0,0,53204,,recreo,2025-12-25 23:23:56.358020+00:00,Claro,7.565,166.4,B28 (700); B4 (AWS); B7 (2600)
181,722,34,770,7734698,-31.577,-60.736,4741,UMTS,1,0,True,0,0,0,,recreo,2025-12-25 23:23:56.358020+00:00,Personal,7.567,189.5,B5 (850); B1 (2100)
210,722,310,3224,15808,-31.578,-60.722,1222,GSM,1,0,True,0,0,0,,recreo,2025-12-25 23:23:56.358020+00:00,Claro,7.574,179.4,B5 (850); B2 (1900)
219,722,34,10770,17942023,-31.578,-60.722,1000,LTE,1,0,True,0,0,10770,,recreo,2025-12-25 23:23:56.358020+00:00,Personal,7.574,179.4,B28 (700); B4 (AWS); B7 (2600)
217,722,34,714,40125,-31.578,-60.721,1000,GSM,1,0,True,0,0,0,,recreo,2025-12-25 23:23:56.358020+00:00,Personal,7.576,178.7,B5 (850); B2 (1900)
215,722,34,714,60103,-31.578,-60.721,1000,GSM,1,0,True,0,0,0,,recreo,2025-12-25 23:23:56.358020+00:00,Personal,7.576,178.7,B5 (850); B2 (1900)
218,722,34,10770,17942020,-31.578,-60.725,1000,LTE,1,0,True,0,0,10770,,recreo,2025-12-25 23:23:56.358020+00:00,Personal,7.577,181.6,B28 (700); B4 (AWS); B7 (2600)
212,722,7,2731,8376128,-31.578,-60.725,1000,UMTS,1,0,True,0,0,0,,recreo,2025-12-25 23:23:56.358020+00:00,Movistar,7.577,181.6,B5 (850); B1 (2100)
214,722,34,714,10139,-31.578,-60.72,1000,GSM,1,0,True,0,0,0,,recreo,2025-12-25 23:23:56.358020+00:00,Personal,7.579,178.0,B5 (850); B2 (1900)
209,722,34,714,50243,-31.578,-60.72,1000,GSM,1,0,True,0,0,0,,recreo,2025-12-25 23:23:56.358020+00:00,Personal,7.579,178.0,B5 (850); B2 (1900)
213,722,310,23204,1185026,-31.578,-60.72,1000,LTE,1,0,True,0,0,23204,,recreo,2025-12-25 23:23:56.358020+00:00,Claro,7.579,178.0,B28 (700); B4 (AWS); B7 (2600)
211,722,310,13201,20136917,-31.578,-60.728,1000,UMTS,1,0,True,0,0,0,,recreo,2025-12-25 23:23:56.358020+00:00,Claro,7.59,183.7,B5 (850); B1 (2100)
216,722,310,3200,15808,-31.578,-60.717,1000,GSM,1,0,True,0,0,0,,recreo,2025-12-25 23:23:56.358020+00:00,Claro,7.594,175.8,B5 (850); B2 (1900)
162,722,34,10770,17994248,-31.573,-60.755,1000,LTE,1,0,True,0,0,10770,,recreo,2025-12-25 23:23:56.358020+00:00,Personal,7.652,203.5,B28 (700); B4 (AWS); B7 (2600)
503,722,7,2761,1177861,-31.449,-60.761,1000,LTE,1,0,True,0,0,2761,,recreo,2025-12-25 23:23:56.358020+00:00,Movistar,7.678,331.8,B28 (700); B4 (AWS); B7 (2600)
203,722,34,10770,17944838,-31.579,-60.722,1000,LTE,1,0,True,0,0,10770,,recreo,2025-12-25 23:23:56.358020+00:00,Personal,7.686,179.4,B28 (700); B4 (AWS); B7 (2600)
206,722,34,10770,18475284,-31.579,-60.722,1000,LTE,1,0,True,0,0,10770,,recreo,2025-12-25 23:23:56.358020+00:00,Personal,7.686,179.4,B28 (700); B4 (AWS); B7 (2600)
204,722,34,770,7733608,-31.579,-60.722,3271,UMTS,1,0,True,0,0,0,,recreo,2025-12-25 23:23:56.358020+00:00,Personal,7.686,179.4,B5 (850); B1 (2100)
208,722,34,770,7733757,-31.579,-60.722,1000,UMTS,1,0,True,0,0,0,,recreo,2025-12-25 23:23:56.358020+00:00,Personal,7.686,179.4,B5 (850); B1 (2100)
207,722,34,770,7741110,-31.579,-60.722,1000,UMTS,1,0,True,0,0,0,,recreo,2025-12-25 23:23:56.358020+00:00,Personal,7.686,179.4,B5 (850); B1 (2100)
202,722,7,2731,8375728,-31.579,-60.725,1000,UMTS,1,0,True,0,0,0,,recreo,2025-12-25 23:23:56.358020+00:00,Movistar,7.688,181.5,B5 (850); B1 (2100)
201,722,7,2731,8373956,-31.579,-60.726,1000,UMTS,1,0,True,0,0,0,,recreo,2025-12-25 23:23:56.358020+00:00,Movistar,7.691,182.3,B5 (850); B1 (2100)
205,722,7,2761,133641224,-31.579,-60.727,1000,LTE,1,0,True,0,0,2761,,recreo,2025-12-25 23:23:56.358020+00:00,Movistar,7.695,183.0,B28 (700); B4 (AWS); B7 (2600)
241,722,310,13201,20176918,-31.577,-60.702,1000,UMTS,1,0,True,0,0,0,,recreo,2025-12-25 23:23:56.358020+00:00,Claro,7.719,165.2,B5 (850); B1 (2100)
251,722,310,13201,20156918,-31.574,-60.691,1000,UMTS,1,0,True,0,0,0,,recreo,2025-12-25 23:23:56.358020+00:00,Claro,7.74,157.1,B5 (850); B1 (2100)
517,722,7,2761,134150660,-31.442,-60.741,4102,LTE,1,0,True,0,0,2761,,recreo,2025-12-25 23:23:56.358020+00:00,Movistar,7.743,347.1,B28 (700); B4 (AWS); B7 (2600)
161,722,310,13204,24467643,-31.575,-60.752,1000,UMTS,1,0,True,0,0,0,,recreo,2025-12-25 23:23:56.358020+00:00,Claro,7.751,200.9,B5 (850); B1 (2100)
200,722,310,13204,24457806,-31.58,-60.726,1000,UMTS,1,0,True,0,0,0,,recreo,2025-12-25 23:23:56.358020+00:00,Claro,7.802,182.2,B5 (850); B1 (2100)
179,722,34,10770,17942024,-31.579,-60.739,1893,LTE,1,0,True,0,0,10770,,recreo,2025-12-25 23:23:56.358020+00:00,Personal,7.837,191.3,B28 (700); B4 (AWS); B7 (2600)
249,722,7,2761,133635073,-31.575,-60.691,1000,LTE,1,0,True,0,0,2761,,recreo,2025-12-25 23:23:56.358020+00:00,Movistar,7.843,157.4,B28 (700); B4 (AWS); B7 (2600)
178,722,34,794,6889149,-31.58,-60.732,1000,UMTS,1,0,True,0,0,0,,recreo,2025-12-25 23:23:56.358020+00:00,Personal,7.845,186.4,B5 (850); B1 (2100)
252,722,7,2731,8377315,-31.574,-60.688,1000,UMTS,1,0,True,0,0,0,,recreo,2025-12-25 23:23:56.358020+00:00,Movistar,7.855,155.2,B5 (850); B1 (2100)
160,722,310,3225,13801,-31.577,-60.75,2022,GSM,1,0,True,0,0,0,,recreo,2025-12-25 23:23:56.358020+00:00,Claro,7.895,199.0,B5 (850); B2 (1900)
519,722,7,2731,2541627,-31.44,-60.741,3065,UMTS,1,0,True,0,0,0,,recreo,2025-12-25 23:23:56.358020+00:00,Movistar,7.96,347.5,B5 (850); B1 (2100)
518,722,310,3224,13825,-31.44,-60.743,2802,GSM,1,0,True,0,0,0,,recreo,2025-12-25 23:23:56.358020+00:00,Claro,8.003,346.2,B5 (850); B2 (1900)
513,722,310,13205,22809365,-31.443,-60.754,12293,UMTS,1,0,True,0,0,0,,recreo,2025-12-25 23:23:56.358020+00:00,Claro,8.004,338.3,B5 (850); B1 (2100)
504,722,310,13204,22808863,-31.445,-60.761,1000,UMTS,1,0,True,0,0,0,,recreo,2025-12-25 23:23:56.358020+00:00,Claro,8.073,333.3,B5 (850); B1 (2100)
158,722,34,791,6882782,-31.579,-60.749,1000,UMTS,1,0,True,0,0,0,,recreo,2025-12-25 23:23:56.358020+00:00,Personal,8.076,197.9,B5 (850); B1 (2100)
250,722,34,704,10003,-31.575,-60.685,1444,GSM,1,0,True,0,0,0,,recreo,2025-12-25 23:23:56.358020+00:00,Personal,8.078,153.7,B5 (850); B2 (1900)
247,722,310,13201,20166918,-31.578,-60.691,1000,UMTS,1,0,True,0,0,0,,recreo,2025-12-25 23:23:56.358020+00:00,Claro,8.152,158.3,B5 (850); B1 (2100)
248,722,7,2731,8376126,-31.577,-60.687,1000,UMTS,1,0,True,0,0,0,,recreo,2025-12-25 23:23:56.358020+00:00,Movistar,8.198,155.6,B5 (850); B1 (2100)
157,722,34,10770,17994253,-31.579,-60.753,1402,LTE,1,0,True,0,0,10770,,recreo,2025-12-25 23:23:56.358020+00:00,Personal,8.201,200.4,B28 (700); B4 (AWS); B7 (2600)
514,722,310,13204,24472386,-31.442,-60.757,1000,LTE,1,0,True,0,0,13204,,recreo,2025-12-25 23:23:56.358020+00:00,Claro,8.216,336.7,B28 (700); B4 (AWS); B7 (2600)
159,722,34,10770,17994241,-31.579,-60.754,1519,LTE,1,0,True,0,0,10770,,recreo,2025-12-25 23:23:56.358020+00:00,Personal,8.234,201.0,B28 (700); B4 (AWS); B7 (2600)
512,722,34,791,6881427,-31.45,-60.671,1919,UMTS,1,0,True,0,0,0,,recreo,2025-12-25 23:23:56.358020+00:00,Personal,8.275,36.4,B5 (850); B1 (2100)
515,722,310,13204,24447724,-31.438,-60.75,1000,UMTS,1,0,True,0,0,0,,recreo,2025-12-25 23:23:56.358020+00:00,Claro,8.399,342.1,B5 (850); B1 (2100)
246,722,34,10770,17963264,-31.58,-60.689,1000,LTE,1,0,True,0,0,10770,,recreo,2025-12-25 23:23:56.358020+00:00,Personal,8.429,157.7,B28 (700); B4 (AWS); B7 (2600)
257,722,34,10770,17963267,-31.566,-60.662,1000,LTE,1,0,True,0,0,10770,,recreo,2025-12-25 23:23:56.358020+00:00,Personal,8.494,137.3,B28 (700); B4 (AWS); B7 (2600)
479,722,34,791,6881297,-31.483,-60.807,1000,UMTS,1,0,True,0,0,0,,recreo,2025-12-25 23:23:56.358020+00:00,Personal,8.524,290.5,B5 (850); B1 (2100)
480,722,310,13204,22814066,-31.483,-60.807,1000,UMTS,1,0,True,0,0,0,,recreo,2025-12-25 23:23:56.358020+00:00,Claro,8.524,290.5,B5 (850); B1 (2100)
521,722,310,13204,24452386,-31.432,-60.718,4773,UMTS,1,0,True,0,0,0,,recreo,2025-12-25 23:23:56.358020+00:00,Claro,8.672,3.0,B5 (850); B1 (2100)
522,722,310,13204,24477724,-31.441,-60.678,1000,UMTS,1,0,True,0,0,0,,recreo,2025-12-25 23:23:56.358020+00:00,Claro,8.759,29.0,B5 (850); B1 (2100)
520,722,7,2731,2546433,-31.433,-60.743,1000,UMTS,1,0,True,0,0,0,,recreo,2025-12-25 23:23:56.358020+00:00,Movistar,8.761,347.4,B5 (850); B1 (2100)
482,722,34,10794,17971459,-31.482,-60.81,1000,LTE,1,0,True,0,0,10794,,recreo,2025-12-25 23:23:56.358020+00:00,Personal,8.829,290.5,B28 (700); B4 (AWS); B7 (2600)
481,722,34,10793,17955585,-31.482,-60.811,1000,LTE,1,0,True,0,0,10793,,recreo,2025-12-25 23:23:56.358020+00:00,Personal,8.918,290.3,B28 (700); B4 (AWS); B7 (2600)
516,722,310,13204,24467818,-31.431,-60.747,1000,UMTS,1,0,True,0,0,0,,recreo,2025-12-25 23:23:56.358020+00:00,Claro,9.067,345.3,B5 (850); B1 (2100)
533,722,310,3224,24482386,-31.427,-60.744,1000,UMTS,1,0,True,0,0,0,,recreo,2025-12-25 23:23:56.358020+00:00,Claro,9.433,347.7,B5 (850); B1 (2100)
524,722,34,791,6888555,-31.435,-60.673,1000,UMTS,1,0,True,0,0,0,,recreo,2025-12-25 23:23:56.358020+00:00,Personal,9.573,29.6,B5 (850); B1 (2100)
523,722,34,793,6881622,-31.436,-60.671,1000,UMTS,1,0,True,0,0,0,,recreo,2025-12-25 23:23:56.358020+00:00,Personal,9.573,30.9,B5 (850); B1 (2100)
258,722,7,2701,26444,-31.559,-60.806,1000,GSM,1,0,True,0,0,0,,recreo,2025-12-25 23:23:56.358020+00:00,Movistar,9.591,235.3,B5 (850); B2 (1900)
534,722,7,2731,2546431,-31.425,-60.744,2075,UMTS,1,0,True,0,0,0,,recreo,2025-12-25 23:23:56.358020+00:00,Movistar,9.65,348.0,B5 (850); B1 (2100)
483,722,34,10794,17971456,-31.479,-60.818,1000,LTE,1,0,True,0,0,10794,,recreo,2025-12-25 23:23:56.358020+00:00,Personal,9.657,290.8,B28 (700); B4 (AWS); B7 (2600)
526,722,7,2731,2541625,-31.421,-60.744,1736,UMTS,1,0,True,0,0,0,,recreo,2025-12-25 23:23:56.358020+00:00,Movistar,10.086,348.5,B5 (850); B1 (2100)
535,722,310,13204,22824338,-31.419,-60.744,1000,UMTS,1,0,True,0,0,0,,recreo,2025-12-25 23:23:56.358020+00:00,Claro,10.304,348.7,B5 (850); B1 (2100)
527,722,7,2731,8338774,-31.42,-60.757,4860,UMTS,1,0,True,0,0,0,,recreo,2025-12-25 23:23:56.358020+00:00,Movistar,10.508,342.0,B5 (850); B1 (2100)
528,722,310,13204,24497818,-31.416,-60.746,1000,LTE,1,0,True,0,0,13204,,recreo,2025-12-25 23:23:56.358020+00:00,Claro,10.669,348.1,B28 (700); B4 (AWS); B7 (2600)
530,722,310,13204,22814065,-31.415,-60.745,1000,UMTS,1,0,True,0,0,0,,recreo,2025-12-25 23:23:56.358020+00:00,Claro,10.759,348.7,B5 (850); B1 (2100)
529,722,310,13205,24447724,-31.415,-60.745,1000,UMTS,1,0,True,0,0,0,,recreo,2025-12-25 23:23:56.358020+00:00,Claro,10.759,348.7,B5 (850); B1 (2100)
536,722,310,13205,24477724,-31.424,-60.67,1000,UMTS,1,0,True,0,0,0,,recreo,2025-12-25 23:23:56.358020+00:00,Claro,10.784,27.7,B5 (850); B1 (2100)
531,722,7,2731,8332879,-31.414,-60.745,1000,UMTS,1,0,True,0,0,0,,recreo,2025-12-25 23:23:56.358020+00:00,Movistar,10.868,348.8,B5 (850); B1 (2100)
553,722,310,13205,24502385,-31.412,-60.737,1000,UMTS,1,0,True,0,0,0,,recreo,2025-12-25 23:23:56.358020+00:00,Claro,10.967,352.9,B5 (850); B1 (2100)
532,722,310,13204,22844065,-31.413,-60.745,1000,UMTS,1,0,True,0,0,0,,recreo,2025-12-25 23:23:56.358020+00:00,Claro,10.977,348.9,B5 (850); B1 (2100)
537,722,310,13204,24477818,-31.422,-60.669,1000,UMTS,1,0,True,0,0,0,,recreo,2025-12-25 23:23:56.358020+00:00,Claro,11.025,27.6,B5 (850); B1 (2100)
539,722,310,53205,2395652,-31.406,-60.747,1000,LTE,1,0,True,0,0,53205,,recreo,2025-12-25 23:23:56.358020+00:00,Claro,11.777,348.8,B28 (700); B4 (AWS); B7 (2600)
538,722,310,13204,22829352,-31.406,-60.747,1000,UMTS,1,0,True,0,0,0,,recreo,2025-12-25 23:23:56.358020+00:00,Claro,11.777,348.8,B5 (850); B1 (2100)
554,722,34,793,6888551,-31.405,-60.744,1000,UMTS,1,0,True,0,0,0,,recreo,2025-12-25 23:23:56.358020+00:00,Personal,11.835,350.2,B5 (850); B1 (2100)
545,722,34,712,20192,-31.405,-60.747,1000,GSM,1,0,True,0,0,0,,recreo,2025-12-25 23:23:56.358020+00:00,Personal,11.886,348.9,B5 (850); B2 (1900)
547,722,34,712,30192,-31.405,-60.747,1000,GSM,1,0,True,0,0,0,,recreo,2025-12-25 23:23:56.358020+00:00,Personal,11.886,348.9,B5 (850); B2 (1900)
549,722,34,712,50192,-31.405,-60.747,1000,GSM,1,0,True,0,0,0,,recreo,2025-12-25 23:23:56.358020+00:00,Personal,11.886,348.9,B5 (850); B2 (1900)
543,722,34,712,60192,-31.405,-60.747,1000,GSM,1,0,True,0,0,0,,recreo,2025-12-25 23:23:56.358020+00:00,Personal,11.886,348.9,B5 (850); B2 (1900)
544,722,34,10793,17957637,-31.405,-60.747,1000,LTE,1,0,True,0,0,10793,,recreo,2025-12-25 23:23:56.358020+00:00,Personal,11.886,348.9,B28 (700); B4 (AWS); B7 (2600)
550,722,399,60343,258130690,-31.405,-60.747,1000,LTE,1,0,True,0,0,60343,,recreo,2025-12-25 23:23:56.358020+00:00,Desconocido,11.886,348.9,unknown
548,722,7,712,2541625,-31.405,-60.747,1000,UMTS,1,0,True,0,0,0,,recreo,2025-12-25 23:23:56.358020+00:00,Movistar,11.886,348.9,B5 (850); B1 (2100)
542,722,7,2701,2541625,-31.405,-60.747,1000,UMTS,1,0,True,0,0,0,,recreo,2025-12-25 23:23:56.358020+00:00,Movistar,11.886,348.9,B5 (850); B1 (2100)
540,722,7,2731,8326891,-31.405,-60.747,1000,UMTS,1,0,True,0,0,0,,recreo,2025-12-25 23:23:56.358020+00:00,Movistar,11.886,348.9,B5 (850); B1 (2100)
541,722,7,2731,8330416,-31.405,-60.747,1000,UMTS,1,0,True,0,0,0,,recreo,2025-12-25 23:23:56.358020+00:00,Movistar,11.886,348.9,B5 (850); B1 (2100)
546,722,310,13205,24482386,-31.405,-60.749,1000,UMTS,1,0,True,0,0,0,,recreo,2025-12-25 23:23:56.358020+00:00,Claro,11.924,348.0,B5 (850); B1 (2100)
551,722,34,10793,17957634,-31.404,-60.747,1000,LTE,1,0,True,0,0,10793,,recreo,2025-12-25 23:23:56.358020+00:00,Personal,11.995,349.0,B28 (700); B4 (AWS); B7 (2600)
552,722,310,3223,13842,-31.404,-60.748,3700,GSM,1,0,True,0,0,0,,recreo,2025-12-25 23:23:56.358020+00:00,Claro,12.014,348.5,B5 (850); B2 (1900)
525,722,7,2701,7052,-31.415,-60.816,1000,GSM,1,0,True,0,0,0,,recreo,2025-12-25 23:23:56.358020+00:00,Movistar,13.764,320.0,B5 (850); B2 (1900)
